{
  "images" : [
    {
      "idiom" : "iphone",
      "size" : "20x20",
      "scale" : "2x"
    },
    {
      "idiom" : "iphone",
      "size" : "20x20",
      "scale" : "3x"
    },
    {
      "size" : "29x29",
      "idiom" : "iphone",
      "filename" : "AppIcon58x58-1.png",
      "scale" : "2x"
    },
    {
      "size" : "29x29",
      "idiom" : "iphone",
      "filename" : "AppIcon87x87.png",
      "scale" : "3x"
    },
    {
      "size" : "40x40",
      "idiom" : "iphone",
      "filename" : "AppIcon80x80.png",
      "scale" : "2x"
    },
    {
      "size" : "40x40",
      "idiom" : "iphone",
      "filename" : "AppIcon120x120.png",
      "scale" : "3x"
    },
    {
      "size" : "60x60",
      "idiom" : "iphone",
      "filename" : "AppIcon120x120-1.png",
      "scale" : "2x"
    },
    {
      "size" : "60x60",
      "idiom" : "iphone",
      "filename" : "AppIcon180x180.png",
      "scale" : "3x"
    },
    {
      "idiom" : "ipad",
      "size" : "20x20",
      "scale" : "1x"
    },
    {
      "idiom" : "ipad",
      "size" : "20x20",
      "scale" : "2x"
    },
    {
      "size" : "29x29",
      "idiom" : "ipad",
      "filename" : "AppIcon29x29.png",
      "scale" : "1x"
    },
    {
      "size" : "29x29",
      "idiom" : "ipad",
      "filename" : "AppIcon58x58.png",
      "scale" : "2x"
    },
    {
      "size" : "40x40",
      "idiom" : "ipad",
      "filename" : "AppIcon40x40.png",
      "scale" : "1x"
    },
    {
      "size" : "40x40",
      "idiom" : "ipad",
      "filename" : "AppIcon80x80-1.png",
      "scale" : "2x"
    },
    {
      "size" : "76x76",
      "idiom" : "ipad",
      "filename" : "AppIcon76x76.png",
      "scale" : "1x"
    },
    {
      "size" : "76x76",
      "idiom" : "ipad",
      "filename" : "AppIcon152x152.png",
      "scale" : "2x"
    },
    {
      "size" : "83.5x83.5",
      "idiom" : "ipad",
      "filename" : "AppIcon167x167.png",
      "scale" : "2x"
    },
    {
      "size" : "1024x1024",
      "idiom" : "ios-marketing",
      "filename" : "icon_StarPRNT_1024x1024.png",
      "scale" : "1x"
    }
  ],
  "info" : {
    "version" : 1,
    "author" : "xcode"
  }
}